date,adjustable dumbbells,Massage Gun,kettlebell,yoga mat,pull up bar,pickleball paddle,tennis racket bag,ski goggles,Jump Rope,ski glove,ski boot bag,neck warmer,Resistance Band,Weighted Vest,Ab Roller,Yoga Blocks,Fitness Tracker,Foam Roller,Pull-Up Bar,Ankle Weights,Battle Ropes,Collapsible Water Bottle,Grip Strengthener,Balance Pad,Protein Shaker,Jump Box,Under-Desk Elliptical
2020-07-19,18,24,77,56,28,4,1,7,73,1,1,17,77,23,17,8,77,67,2,23,50,10,9,14,49,68,0
2020-07-26,16,26,74,54,26,5,1,8,74,1,1,11,80,21,16,8,72,61,2,21,47,10,7,18,51,68,0
2020-08-02,16,25,70,54,26,5,1,7,69,1,0,9,70,20,16,8,76,57,2,22,44,8,6,15,51,71,0
2020-08-09,15,25,69,53,25,5,1,7,71,1,0,6,77,18,16,8,77,56,2,21,45,7,7,17,50,65,0
2020-08-16,15,26,68,50,24,5,1,7,68,0,1,6,74,18,17,8,75,61,3,19,39,9,10,18,46,66,0
2020-08-23,13,24,64,44,24,5,1,7,63,0,1,6,66,16,15,7,73,56,2,18,47,7,7,15,48,68,0
2020-08-30,12,25,62,49,22,5,1,8,63,1,1,6,69,16,14,7,71,59,2,17,35,8,10,18,49,67,0
2020-09-06,11,26,60,47,20,5,1,8,65,0,1,6,66,16,15,8,74,53,1,16,38,6,11,14,50,74,0
2020-09-13,10,24,59,43,21,5,1,7,68,0,1,7,64,15,14,7,72,54,1,15,34,6,8,15,52,65,0
2020-09-20,10,23,61,40,19,5,1,8,66,1,1,9,60,15,14,7,67,52,1,15,34,8,8,17,50,62,0
2020-09-27,11,23,59,38,20,4,1,8,59,1,1,11,56,14,13,7,67,51,1,15,30,5,9,15,51,68,0
2020-10-04,11,23,56,35,18,4,1,10,60,1,1,11,58,13,13,7,70,51,1,15,25,5,10,18,48,64,0
2020-10-11,12,28,60,35,19,4,1,12,56,1,1,12,60,15,13,6,69,50,1,14,28,6,6,18,49,62,0
2020-10-18,11,27,63,33,20,4,1,11,56,1,1,13,59,15,13,7,66,52,1,16,33,4,10,16,52,69,0
2020-10-25,12,27,73,33,20,4,1,14,56,1,1,17,56,14,13,5,69,49,1,14,27,4,9,19,43,72,0
2020-11-01,13,27,76,32,20,4,1,12,58,1,2,15,59,16,14,6,61,44,1,15,27,6,9,14,43,66,0
2020-11-08,13,35,70,38,21,5,1,15,53,2,2,16,66,17,15,6,71,54,2,17,28,5,8,19,44,73,0
2020-11-15,16,40,72,37,21,4,1,18,55,2,2,18,64,15,15,7,80,53,1,17,32,6,9,20,44,70,0
2020-11-22,18,63,71,44,23,6,1,27,54,2,3,22,58,18,16,8,98,57,1,17,34,6,10,17,50,68,0
2020-11-29,16,59,70,43,21,5,1,27,59,3,3,26,60,16,15,9,86,57,1,17,32,7,10,21,52,73,0
2020-12-06,15,58,68,42,21,6,1,29,60,3,3,26,57,17,14,9,100,57,1,17,30,11,12,24,56,79,0
2020-12-13,13,57,67,38,20,4,1,35,53,3,3,23,58,15,15,8,78,55,2,16,29,9,14,20,48,73,0
2020-12-20,13,77,66,34,21,5,1,37,50,2,3,19,58,16,14,7,93,50,1,14,27,6,12,18,39,63,0
2020-12-27,20,67,84,44,26,5,1,49,70,3,4,23,75,22,16,8,97,60,2,20,42,6,13,19,46,72,0
2021-01-03,21,42,100,47,26,4,0,42,65,3,3,21,83,20,17,9,100,57,1,20,40,4,11,20,52,68,0
2021-01-10,19,41,93,46,25,4,1,38,65,3,2,18,88,18,16,8,84,58,1,21,37,4,12,24,57,69,0
2021-01-17,17,43,91,42,24,4,1,37,68,2,3,16,82,21,16,8,81,57,1,23,34,6,12,22,56,73,0
2021-01-24,15,37,83,40,24,4,0,37,76,2,2,16,84,20,15,8,74,55,2,19,35,5,13,23,54,65,0
2021-01-31,14,37,78,41,22,4,1,40,69,2,2,14,72,17,15,8,75,56,1,18,31,6,9,19,59,68,0
2021-02-07,13,33,73,35,20,4,1,36,63,3,2,17,70,16,12,8,70,53,1,17,30,5,8,17,48,73,0
2021-02-14,14,33,71,34,21,4,1,36,60,3,2,13,65,15,15,7,64,52,1,16,31,5,10,23,49,74,0
2021-02-21,12,32,67,37,20,4,1,28,66,2,2,7,66,16,20,7,68,53,1,18,37,5,7,19,54,69,0
2021-02-28,11,33,66,32,20,5,1,20,71,1,2,8,67,16,21,7,70,54,1,18,38,5,11,17,52,73,0
2021-03-07,10,31,64,33,19,5,1,15,68,1,1,7,64,16,19,7,69,51,1,16,33,7,11,20,54,69,0
2021-03-14,10,30,64,30,18,5,1,14,65,1,1,6,58,15,16,6,68,51,1,17,35,7,10,20,57,72,0
2021-03-21,10,32,64,32,19,5,1,11,69,1,1,5,67,16,16,6,61,53,1,17,31,9,9,19,52,73,0
2021-03-28,10,31,62,31,18,6,1,8,71,0,1,5,63,15,16,6,74,49,1,16,31,7,9,18,54,67,0
2021-04-04,9,32,63,29,19,5,1,8,69,0,0,5,65,15,15,5,68,48,1,15,31,8,8,18,48,58,0
2021-04-11,9,31,57,30,17,6,1,6,66,0,1,5,66,15,14,5,67,51,2,15,32,8,9,17,55,57,0
2021-04-18,9,31,63,32,18,6,1,8,62,0,0,5,66,14,16,5,66,53,1,14,35,6,11,17,49,60,0
2021-04-25,8,31,56,32,17,7,1,6,65,0,1,4,60,15,15,5,60,47,1,15,33,8,12,15,53,60,0
2021-05-02,8,33,57,36,17,6,1,6,64,0,1,5,64,14,14,5,67,47,1,15,31,7,10,22,49,54,0
2021-05-09,8,31,56,33,17,6,1,6,60,1,1,4,65,15,15,6,62,46,1,15,28,9,12,17,51,60,0
2021-05-16,7,34,54,33,16,6,1,6,64,0,1,5,68,15,15,5,59,45,1,15,30,9,11,19,51,56,0
2021-05-23,8,29,56,38,17,5,1,7,64,0,1,4,59,16,14,5,57,44,1,15,27,9,13,15,58,57,0
2021-05-30,8,33,50,35,17,6,1,6,66,0,1,4,61,17,16,5,61,46,1,14,29,7,10,17,51,57,0
2021-06-06,8,29,50,30,17,5,1,7,65,1,1,5,57,14,14,5,64,43,1,13,29,10,11,17,59,61,0
2021-06-13,8,30,49,31,16,7,1,7,65,0,1,4,55,14,13,5,61,45,1,14,32,10,10,17,52,60,0
2021-06-20,7,35,50,38,16,6,1,7,70,0,1,4,54,13,14,5,72,45,1,14,25,9,11,15,53,62,0
2021-06-27,7,31,48,32,16,7,2,6,62,0,1,4,56,13,14,5,59,44,1,14,25,8,11,14,52,56,0
2021-07-04,7,29,47,36,16,7,1,7,65,1,1,4,52,11,15,5,60,44,1,14,25,11,11,17,55,58,0
2021-07-11,6,31,46,30,15,7,1,7,59,0,1,4,51,13,13,4,55,45,1,15,25,11,11,15,55,61,0
2021-07-18,7,31,47,32,17,7,1,9,60,1,1,4,52,13,13,4,59,44,1,14,31,13,12,16,57,61,0
2021-07-25,7,29,51,31,17,7,1,7,58,1,1,4,51,13,13,5,60,44,1,14,30,10,9,19,52,67,0
2021-08-01,7,32,48,32,16,7,1,7,56,1,1,4,49,12,13,4,64,43,1,14,28,11,11,15,61,60,0
2021-08-08,6,29,46,28,16,8,1,7,57,1,1,4,51,12,14,5,56,45,1,14,26,9,10,17,56,56,0
2021-08-15,7,31,51,32,16,7,1,7,53,0,1,4,49,13,13,5,59,47,1,15,27,9,14,15,58,66,0
2021-08-22,7,32,45,30,17,7,1,8,57,0,1,4,47,12,12,4,59,47,1,13,26,11,12,15,52,60,0
2021-08-29,7,30,39,30,15,7,1,8,50,0,1,5,43,14,12,4,52,45,1,12,25,9,11,19,57,56,0
2021-09-05,7,30,34,31,14,8,1,7,48,1,1,5,39,12,13,4,52,42,1,12,26,8,14,19,52,65,0
2021-09-12,6,29,43,30,14,7,1,9,47,0,1,5,41,12,12,5,55,44,1,12,22,9,9,19,51,63,0
2021-09-19,6,28,39,29,13,7,1,9,48,1,1,6,37,12,13,5,50,43,1,13,26,10,11,17,52,57,0
2021-09-26,6,27,36,28,13,7,1,9,45,1,1,6,37,12,11,4,53,43,1,12,20,8,12,16,51,61,0
2021-10-03,6,29,38,27,12,6,1,11,43,1,1,8,35,13,11,5,50,42,1,12,23,7,13,20,52,56,0
2021-10-10,6,32,34,27,12,7,1,11,46,1,1,10,36,11,11,4,51,41,1,12,20,8,14,17,48,57,0
2021-10-17,6,31,38,26,11,7,1,14,42,1,2,11,35,11,11,5,52,40,1,10,25,9,12,18,48,72,0
2021-10-24,5,29,37,27,13,6,1,14,41,1,1,11,34,12,11,4,50,40,1,12,21,6,11,20,49,62,0
2021-10-31,5,33,37,28,12,7,1,17,41,1,2,15,32,12,12,5,52,41,1,12,21,10,9,20,48,57,0
2021-11-07,6,39,39,29,12,8,1,22,44,2,2,14,35,13,12,5,55,43,1,13,17,10,9,18,52,64,0
2021-11-14,6,43,38,30,12,8,1,25,42,2,3,16,34,14,11,5,58,44,1,12,20,9,10,23,62,60,0
2021-11-21,11,71,40,34,13,9,1,38,41,3,4,23,32,13,11,6,67,45,1,12,23,9,11,20,59,67,0
2021-11-28,10,64,39,32,15,9,2,37,44,4,5,28,36,14,12,6,64,49,1,14,18,10,12,20,64,72,0
2021-12-05,8,62,41,33,14,9,1,37,43,4,5,27,34,14,11,6,60,48,1,12,22,10,11,24,70,65,0
2021-12-12,7,67,37,31,15,9,1,37,41,3,4,22,33,12,11,5,59,44,1,13,20,7,13,21,63,67,0
2021-12-19,8,82,39,28,15,8,1,42,40,3,4,19,34,13,10,5,60,40,1,13,18,6,10,15,53,57,0
2021-12-26,11,75,46,30,18,9,0,55,44,3,5,17,42,16,11,5,72,43,1,14,29,5,13,19,55,68,0
2022-01-02,12,44,68,40,19,8,1,55,55,4,6,19,54,15,15,7,80,48,2,14,29,11,17,23,66,79,0
2022-01-09,11,38,55,35,18,8,1,57,54,5,6,19,50,14,14,7,60,51,2,15,28,8,15,23,77,75,0
2022-01-16,9,34,53,31,15,7,1,56,48,5,5,17,45,12,12,5,55,43,1,14,23,6,14,20,61,69,0
2022-01-23,8,36,58,32,16,9,1,59,51,4,5,14,48,13,12,6,55,47,2,15,24,8,9,23,67,77,0
2022-01-30,7,37,53,33,16,8,1,51,53,4,6,14,47,14,13,6,57,48,2,14,23,9,13,24,71,79,0
2022-02-06,7,40,54,29,16,9,1,53,51,4,5,11,45,14,13,6,52,47,1,15,24,8,11,19,74,77,0
2022-02-13,7,38,50,31,15,9,1,46,48,3,5,9,44,13,13,6,50,47,1,14,23,8,11,21,64,77,0
2022-02-20,7,33,48,30,14,10,1,42,46,3,4,8,42,13,13,5,48,42,1,14,26,9,12,20,63,83,0
2022-02-27,7,29,50,28,14,10,2,30,49,2,3,7,41,14,13,5,47,45,1,14,20,7,11,25,69,78,0
2022-03-06,6,29,48,28,15,9,1,25,47,2,3,6,42,13,14,5,52,43,1,12,22,10,11,17,68,68,0
2022-03-13,6,30,51,28,15,9,1,23,49,2,3,5,41,12,16,5,48,45,1,14,21,12,13,20,63,77,0
2022-03-20,5,29,48,27,13,10,2,15,48,1,2,5,40,13,17,4,48,45,1,12,22,11,11,16,62,73,0
2022-03-27,6,30,49,26,14,10,1,13,44,1,2,5,39,12,16,6,49,43,1,13,20,13,14,20,62,74,0
2022-04-03,6,29,48,27,14,10,1,10,47,1,1,5,45,13,13,5,48,42,1,12,22,12,13,18,58,68,0
2022-04-10,6,29,47,25,15,10,1,9,46,0,1,4,37,12,13,4,47,43,1,13,18,14,16,16,58,68,0
2022-04-17,6,29,45,26,15,10,1,8,48,1,1,4,40,12,13,5,47,40,1,12,25,12,23,18,55,64,0
2022-04-24,6,31,43,26,15,12,1,6,48,0,1,4,40,11,12,4,48,41,1,13,22,14,24,20,58,72,0
2022-05-01,5,32,45,25,15,12,1,6,44,0,1,4,39,12,13,4,48,41,1,12,24,16,23,20,64,63,0
2022-05-08,5,28,43,27,14,11,1,6,48,1,0,4,38,13,14,4,44,39,1,13,22,11,22,18,60,67,0
2022-05-15,5,27,42,26,15,11,1,6,53,0,0,4,37,13,13,4,44,40,1,13,20,17,21,18,60,65,0
2022-05-22,4,28,43,26,14,10,1,6,52,0,1,4,41,12,12,4,45,40,1,13,20,17,21,17,62,67,0
2022-05-29,5,27,41,27,14,12,1,6,47,0,1,5,36,16,11,4,44,38,1,11,24,14,24,20,57,63,0
2022-06-05,5,27,45,30,14,11,1,6,51,1,1,5,40,13,14,4,47,43,1,12,20,19,25,17,62,66,0
2022-06-12,5,29,43,33,16,12,1,7,46,0,1,4,39,13,12,3,47,40,1,13,22,18,26,18,60,67,0
2022-06-19,5,28,41,51,15,12,1,8,47,1,1,3,42,13,13,5,48,42,1,13,24,18,24,18,64,65,0
2022-06-26,5,26,42,28,15,12,1,7,44,1,1,4,39,13,13,4,46,39,1,14,24,17,23,18,60,68,0
2022-07-03,5,27,43,30,15,13,1,8,44,1,0,4,39,13,13,4,47,41,1,13,25,17,23,18,62,64,0
2022-07-10,6,32,46,30,16,14,2,8,45,1,1,4,40,13,13,5,51,40,1,14,25,15,21,20,58,69,0
2022-07-17,5,29,47,28,15,13,1,8,44,1,1,4,40,12,14,4,44,41,1,13,24,15,19,17,61,66,0
2022-07-24,5,28,47,26,15,12,2,8,45,1,1,3,40,13,13,4,43,39,1,13,23,16,19,17,66,62,0
2022-07-31,5,27,43,30,15,13,2,8,47,1,1,4,41,12,14,4,45,42,1,14,24,19,20,20,66,68,0
2022-08-07,5,28,47,29,15,16,2,8,44,1,1,3,40,13,12,4,45,43,1,14,21,19,20,20,64,69,0
2022-08-14,5,30,44,29,15,17,2,9,41,1,1,4,40,12,12,5,42,43,1,13,20,16,20,17,69,68,0
2022-08-21,5,28,41,29,14,17,1,8,42,0,1,4,39,12,13,4,42,43,1,13,16,17,19,23,69,66,0
2022-08-28,5,29,41,29,14,16,2,9,42,0,1,3,38,12,13,4,42,41,1,13,21,16,20,19,63,69,0
2022-09-04,5,27,41,29,14,16,2,8,40,1,1,4,36,12,12,4,40,40,1,12,20,17,18,16,61,65,0
2022-09-11,4,28,39,27,14,13,1,9,41,1,1,5,36,12,12,4,39,40,1,12,17,14,20,20,56,65,0
2022-09-18,4,25,39,26,13,14,1,9,41,1,1,5,36,12,11,4,40,39,1,11,18,13,16,15,60,63,0
2022-09-25,4,26,37,26,12,13,1,10,38,1,1,8,34,11,11,4,42,40,1,11,18,13,20,19,55,65,0
2022-10-02,4,26,37,25,13,13,1,12,40,1,1,8,34,11,10,4,39,39,1,12,16,12,16,17,59,67,0
2022-10-09,5,32,36,29,13,16,1,12,38,1,1,9,34,11,12,4,41,40,1,10,19,12,16,18,59,70,0
2022-10-16,5,28,35,25,13,16,1,13,38,1,1,10,32,12,10,4,37,38,1,11,17,12,16,20,53,67,0
2022-10-23,5,28,38,24,12,16,1,16,37,1,2,10,33,12,11,4,37,38,1,11,17,11,15,20,54,68,0
2022-10-30,5,27,39,26,13,16,1,17,36,2,2,11,34,11,11,4,40,38,1,11,17,10,16,18,54,74,0
2022-11-06,5,31,44,28,13,16,1,25,38,2,3,13,36,13,10,5,45,41,1,10,15,10,16,18,62,67,0
2022-11-13,6,34,45,30,13,16,1,29,40,2,3,20,35,11,12,5,44,41,1,11,21,11,14,20,62,76,0
2022-11-20,8,54,42,30,14,20,2,45,35,4,4,20,32,12,11,6,51,39,1,12,19,10,17,24,63,75,0
2022-11-27,7,50,46,31,15,19,2,44,38,4,5,21,34,12,10,5,46,39,1,12,17,13,16,19,64,76,0
2022-12-04,6,48,41,29,15,17,2,43,38,4,5,27,34,12,11,5,43,41,1,12,18,13,21,21,64,80,0
2022-12-11,7,53,37,31,16,18,2,50,40,5,6,32,34,12,10,5,41,42,1,12,13,13,23,18,67,78,0
2022-12-18,6,61,35,27,15,17,1,51,34,4,5,25,34,11,10,5,38,37,1,11,16,9,19,14,61,88,0
2022-12-25,8,69,46,29,17,19,1,64,39,4,7,21,38,13,11,5,57,38,2,14,21,12,24,19,55,77,0
2023-01-01,8,44,57,36,18,18,1,55,46,4,6,17,46,15,11,6,56,41,2,15,26,10,29,21,71,70,0
2023-01-08,7,37,55,33,16,18,1,53,43,4,5,14,44,13,12,6,47,46,1,14,22,14,28,22,77,73,0
2023-01-15,6,34,57,32,15,18,2,52,42,4,6,14,43,13,11,6,43,42,1,14,23,13,29,22,77,70,0
2023-01-22,6,34,55,31,15,18,1,56,43,4,6,13,44,12,12,6,42,46,1,14,22,16,26,21,80,72,0
2023-01-29,6,31,54,35,15,21,1,49,45,4,5,13,43,13,11,6,42,42,1,14,22,16,29,20,74,79,0
2023-02-05,6,30,50,31,16,20,1,41,52,3,5,10,40,13,11,6,41,44,1,13,18,14,30,21,77,78,0
2023-02-12,5,29,52,28,15,18,1,37,47,2,4,8,40,13,12,5,38,40,1,13,20,15,25,18,67,73,0
2023-02-19,6,29,50,28,15,20,1,38,45,2,5,7,43,13,13,5,40,43,1,13,20,14,28,24,72,71,0
2023-02-26,6,28,49,31,14,19,1,33,46,3,4,8,41,12,14,6,38,45,1,14,20,18,27,22,66,70,0
2023-03-05,6,27,52,30,15,20,1,29,45,2,3,7,42,13,13,5,39,43,1,13,17,15,26,21,70,70,0
2023-03-12,5,25,46,29,14,20,1,24,43,2,3,6,42,12,13,5,39,39,1,12,19,15,24,21,65,68,0
2023-03-19,6,27,48,30,15,19,1,19,44,1,3,5,41,13,14,5,38,41,1,13,18,16,26,20,65,69,0
2023-03-26,5,26,47,28,14,21,1,16,45,1,2,5,41,12,14,5,38,42,1,13,21,17,26,17,64,71,0
2023-04-02,6,25,46,27,14,24,1,12,43,1,1,4,39,12,12,4,37,38,1,12,20,17,24,18,66,68,0
2023-04-09,6,25,48,26,15,24,1,9,53,1,1,4,40,13,13,5,38,39,1,12,22,20,26,19,56,70,0
2023-04-16,6,25,43,27,15,25,1,8,45,0,1,4,39,13,12,4,38,41,1,12,19,17,22,19,65,64,0
2023-04-23,5,24,43,28,15,24,2,7,45,1,1,4,39,13,12,5,40,39,1,13,17,15,23,20,65,65,0
2023-04-30,5,24,43,27,14,24,1,7,50,1,1,4,41,13,14,4,39,39,1,13,18,17,26,19,60,65,0
2023-05-07,5,26,42,26,15,24,1,5,47,0,0,4,39,12,14,4,37,37,1,13,16,17,26,18,60,63,0
2023-05-14,5,24,39,27,15,25,1,6,45,0,1,4,36,13,13,4,36,37,1,13,17,19,21,15,64,63,0
2023-05-21,5,24,41,28,16,25,2,6,44,0,1,4,39,14,14,4,37,38,1,12,19,20,20,15,63,64,0
2023-05-28,5,23,41,26,17,27,2,6,46,0,0,4,38,18,15,4,37,37,1,13,16,22,19,16,59,60,0
2023-06-04,5,25,43,27,17,31,2,9,49,0,0,3,39,14,16,3,37,39,1,14,20,21,23,19,70,69,0
2023-06-11,6,25,44,31,16,30,1,7,47,1,1,3,40,17,14,4,38,38,1,13,20,19,25,19,65,70,0
2023-06-18,6,25,44,47,16,31,2,6,43,1,1,4,40,16,17,4,37,38,1,13,16,20,25,17,69,66,0
2023-06-25,7,26,47,31,16,27,2,8,42,1,1,4,42,17,17,5,39,38,1,13,18,21,25,19,66,62,0
2023-07-02,6,25,47,29,17,27,2,7,41,1,1,3,43,19,18,5,39,42,1,13,19,23,24,19,67,61,0
2023-07-09,7,28,44,31,17,34,2,8,41,1,1,4,43,19,16,5,45,40,1,14,18,22,25,20,69,67,0
2023-07-16,6,25,43,29,17,29,2,7,44,1,1,4,46,17,16,4,39,38,1,12,16,20,23,20,67,69,0
2023-07-23,6,25,47,30,18,30,2,8,44,1,1,4,43,16,15,4,38,40,1,12,17,17,24,22,65,65,0
2023-07-30,6,26,48,28,17,31,2,7,39,1,1,3,41,16,15,4,38,39,1,12,15,22,23,18,69,68,0
2023-08-06,6,27,45,31,17,31,2,8,40,1,1,4,38,16,15,4,37,41,1,14,16,19,24,21,65,65,0
2023-08-13,6,28,37,30,16,29,2,8,36,1,1,3,41,15,16,5,40,38,1,12,17,20,24,18,71,66,0
2023-08-20,5,25,42,28,16,27,2,8,38,1,1,4,37,15,16,4,38,38,1,12,17,16,28,19,66,63,0
2023-08-27,5,26,41,28,16,27,2,9,39,0,1,4,40,16,16,4,39,39,1,13,14,15,21,18,60,65,0
2023-09-03,5,24,41,30,15,30,2,9,37,1,1,3,40,14,15,4,37,38,1,14,16,16,23,19,60,61,0
2023-09-10,5,22,38,28,15,26,2,8,38,1,1,4,37,13,15,4,36,39,1,13,15,14,25,20,65,62,0
2023-09-17,5,25,39,28,16,26,1,9,37,1,1,5,36,18,15,3,35,38,1,13,16,15,26,21,67,67,0
2023-09-24,5,26,38,27,15,25,1,10,35,1,1,6,37,15,14,4,36,35,1,12,13,15,25,20,65,66,0
2023-10-01,5,24,38,26,14,24,1,11,36,1,1,6,36,14,14,4,37,36,1,11,12,16,22,18,66,67,0
2023-10-08,6,25,36,27,14,24,1,12,35,1,2,9,35,14,14,4,40,35,1,11,15,14,25,19,65,64,0
2023-10-15,5,23,36,26,13,23,1,14,35,1,2,10,37,14,13,4,33,35,1,11,14,15,24,21,65,68,0
2023-10-22,6,24,37,24,14,23,1,16,35,1,2,11,35,13,12,3,32,37,1,11,12,11,20,22,62,70,0
2023-10-29,5,25,36,25,14,23,1,20,34,2,2,14,35,12,12,4,34,36,1,11,12,10,22,18,65,68,0
2023-11-05,7,27,40,26,15,26,1,23,34,2,3,14,36,15,13,5,40,35,1,11,15,12,22,23,62,70,0
2023-11-12,7,31,40,27,15,26,2,27,35,2,3,15,35,16,12,5,44,38,1,12,14,13,21,21,69,67,0
2023-11-19,11,43,44,33,17,35,2,45,32,4,5,20,35,18,13,4,50,39,1,12,18,16,22,25,70,68,0
2023-11-26,9,37,44,36,16,33,2,44,35,4,5,29,37,18,12,5,41,38,1,12,15,12,24,24,71,78,0
2023-12-03,8,38,41,31,16,29,2,42,33,4,5,25,34,17,12,5,38,37,2,12,14,17,27,22,75,75,1
2023-12-10,7,44,42,31,16,28,2,48,36,3,5,22,36,16,12,5,42,37,1,11,13,16,27,20,76,74,0
2023-12-17,8,49,41,28,16,28,1,46,33,3,5,21,36,16,10,4,37,36,1,12,15,14,26,17,65,72,0
2023-12-24,10,56,46,30,18,31,1,54,32,3,5,17,37,19,12,4,49,35,2,12,14,10,23,19,56,68,0
2023-12-31,11,35,58,35,19,26,1,56,40,5,6,16,44,20,14,5,51,41,2,14,19,10,23,23,73,72,0
2024-01-07,9,30,55,33,17,25,1,64,38,5,5,22,42,19,12,6,42,41,1,13,20,18,23,23,81,69,0
2024-01-14,8,29,54,31,17,24,1,65,37,6,7,24,44,18,11,5,39,39,1,14,19,16,19,24,73,91,0
2024-01-21,8,28,54,32,15,24,2,55,40,4,6,14,41,16,13,5,38,42,1,13,17,13,25,22,78,72,0
2024-01-28,8,30,55,33,16,27,2,56,45,3,5,11,41,18,12,6,43,40,1,15,19,13,24,26,81,75,0
2024-02-04,7,27,59,32,16,31,2,48,44,3,5,9,39,18,13,6,40,43,1,15,18,16,23,23,80,71,0
2024-02-11,7,28,58,31,15,26,1,46,39,3,5,8,39,17,14,5,38,40,1,14,13,13,25,24,78,66,0
2024-02-18,7,27,61,33,16,30,1,43,43,3,5,8,40,20,15,5,38,41,2,14,16,16,19,24,75,74,0
2024-02-25,7,27,54,33,15,30,1,34,43,2,4,7,41,23,15,6,39,40,1,15,16,14,26,25,75,70,0
2024-03-03,7,25,54,32,15,30,2,30,46,2,4,5,41,17,16,5,40,42,1,14,17,20,20,24,76,70,0
2024-03-10,6,24,49,30,17,32,2,25,43,2,3,6,38,18,15,4,37,41,2,13,17,16,22,21,73,68,0
2024-03-17,6,26,50,29,15,33,2,22,43,2,2,5,39,17,15,5,37,42,1,14,13,20,23,20,72,70,0
2024-03-24,7,25,53,28,17,33,2,20,43,1,2,5,37,17,15,4,35,38,1,15,13,18,24,22,63,70,0
2024-03-31,8,24,49,30,17,30,2,14,44,1,2,5,37,21,14,5,37,36,1,14,18,19,23,22,75,67,0
2024-04-07,7,25,52,31,16,32,2,11,43,1,2,4,41,18,14,5,36,38,1,14,19,16,22,19,76,69,0
2024-04-14,6,25,50,28,15,36,3,8,43,1,1,4,40,20,14,4,38,38,1,14,14,21,22,26,71,69,0
2024-04-21,6,25,52,30,15,36,2,7,41,1,1,5,41,20,13,4,36,41,1,16,17,19,19,21,68,74,0
2024-04-28,6,25,47,29,16,35,2,6,44,1,1,5,39,21,16,5,41,38,1,15,16,17,21,22,74,69,0
2024-05-05,6,28,40,28,16,35,2,6,42,1,1,3,37,23,15,4,37,41,1,14,17,19,18,21,68,69,0
2024-05-12,6,24,49,28,16,38,2,7,44,0,1,4,38,23,15,5,37,35,2,14,15,19,19,18,73,69,0
2024-05-19,7,24,43,29,15,38,2,6,43,1,1,4,36,31,14,3,37,41,1,15,11,25,20,20,74,69,0
2024-05-26,6,25,48,29,16,41,2,7,41,0,1,4,37,30,15,4,41,38,2,14,16,23,20,22,70,67,0
2024-06-02,6,25,44,29,16,46,3,7,42,1,1,4,39,26,15,4,37,38,2,15,13,23,22,21,69,71,0
2024-06-09,7,26,43,31,16,49,2,8,40,0,0,4,40,25,16,4,37,39,1,16,15,25,20,24,75,71,0
2024-06-16,7,25,46,38,15,45,2,8,39,0,1,4,38,23,15,5,38,36,1,17,15,24,20,24,68,65,0
2024-06-23,6,26,47,32,16,42,2,7,40,1,1,4,39,25,13,4,39,36,1,16,16,21,18,17,69,70,0
2024-06-30,7,24,43,29,16,44,2,8,39,1,1,4,39,25,14,5,38,36,1,15,15,21,19,21,64,66,0
2024-07-07,7,25,46,31,15,49,2,8,37,1,1,4,39,30,15,4,42,39,2,17,16,25,20,23,76,71,0
2024-07-14,8,28,49,31,16,51,2,9,37,0,1,5,41,31,15,5,47,38,1,17,13,20,19,21,75,72,0
2024-07-21,7,25,50,29,16,48,2,8,39,1,1,4,40,28,15,5,42,37,1,17,16,22,18,24,79,68,0
2024-07-28,6,25,42,29,16,49,3,8,38,1,1,4,39,24,14,4,40,40,1,16,14,26,16,25,76,74,0
2024-08-04,6,25,43,31,16,44,2,9,40,1,1,3,40,25,14,4,40,41,2,16,17,22,21,21,74,76,0
2024-08-11,7,28,45,31,16,50,3,10,48,1,1,4,39,26,14,4,42,42,2,16,14,17,20,20,82,71,0
2024-08-18,6,27,43,30,16,46,2,9,42,1,1,4,39,27,15,4,40,42,1,16,13,21,18,23,79,63,0
2024-08-25,7,27,39,30,16,44,3,10,40,1,1,5,38,29,15,4,39,40,1,15,16,16,24,22,76,68,0
2024-09-01,7,26,42,31,15,46,3,9,38,0,1,5,38,27,14,5,46,41,2,15,13,20,24,22,85,66,0
2024-09-08,6,25,45,27,15,41,2,9,39,1,1,6,39,25,13,4,37,40,2,15,10,17,22,22,82,72,0
2024-09-15,6,24,42,28,15,40,2,10,38,1,1,6,36,28,13,4,41,37,2,14,12,17,21,19,69,70,0
2024-09-22,7,25,39,29,15,38,2,12,37,1,1,7,40,25,13,4,41,37,2,14,14,15,19,19,75,72,0
2024-09-29,6,24,43,27,15,37,2,12,38,2,2,7,36,26,12,4,39,37,2,13,13,14,19,23,74,72,0
2024-10-06,7,26,40,25,13,39,2,13,36,1,2,8,36,39,12,5,42,36,2,15,15,13,19,20,70,70,0
2024-10-13,7,24,37,26,13,36,2,15,37,1,1,10,36,35,12,4,35,37,1,13,11,13,16,23,69,66,0
2024-10-20,7,27,36,28,14,37,2,16,38,1,2,10,36,32,12,4,35,39,2,15,11,12,19,25,72,73,0
2024-10-27,7,25,41,26,13,37,2,20,36,2,2,10,34,28,12,4,38,35,1,14,13,9,18,20,72,72,0
2024-11-03,7,28,41,27,13,36,2,22,37,2,3,13,34,27,13,5,41,39,1,14,14,12,16,22,75,71,0
2024-11-10,9,31,38,31,15,40,2,32,38,2,3,16,38,36,12,5,39,38,1,15,15,11,17,24,76,74,0
2024-11-17,10,34,44,31,15,44,2,42,38,4,4,24,35,42,13,5,45,38,1,17,15,13,19,27,81,80,0
2024-11-24,13,42,42,36,17,62,3,60,37,6,6,26,35,43,14,5,52,41,2,16,15,11,20,29,82,87,0
2024-12-01,12,40,41,37,16,49,3,63,38,6,7,29,37,38,13,5,48,40,2,18,15,17,21,30,94,95,0
2024-12-08,9,41,42,34,15,43,2,60,37,5,7,29,36,38,14,6,46,40,1,17,13,15,21,27,89,86,0
2024-12-15,9,47,40,31,16,44,1,65,38,5,7,26,33,36,12,5,43,41,2,15,13,15,23,27,83,78,0
2024-12-22,12,59,42,34,18,47,2,77,37,5,8,21,32,45,12,5,51,36,2,17,12,12,19,23,75,71,0
2024-12-29,13,39,58,38,19,46,2,80,41,6,8,21,42,57,14,4,60,42,2,21,16,16,18,29,85,80,0
2025-01-05,10,32,62,39,17,40,2,86,43,7,8,24,45,44,13,7,50,39,2,19,19,15,19,26,97,100,0
2025-01-12,9,31,56,38,17,41,2,74,43,6,7,17,43,45,14,5,46,43,2,23,17,15,23,27,98,86,0
2025-01-19,9,27,56,34,16,37,2,65,40,5,7,19,43,41,12,6,44,42,2,23,19,15,18,25,95,91,0
2025-01-26,9,32,54,36,16,38,2,62,46,5,6,13,41,43,14,6,44,43,2,23,18,14,22,27,93,82,0
2025-02-02,8,32,58,34,15,41,2,65,49,5,6,12,43,41,13,6,42,41,2,20,21,16,21,27,93,79,0
2025-02-09,7,26,51,33,15,41,2,56,44,4,6,13,40,36,13,6,37,40,2,18,20,13,22,28,85,77,0
2025-02-16,8,28,58,33,17,42,2,56,46,4,5,13,45,40,12,5,37,46,2,20,19,13,19,27,80,88,0
2025-02-23,8,27,59,33,17,44,2,43,45,3,5,9,42,43,16,4,45,45,2,20,21,15,23,26,87,81,0
2025-03-02,7,27,52,33,18,45,2,34,46,2,4,7,46,48,16,5,43,46,2,29,18,20,24,28,94,79,0
2025-03-09,7,27,53,30,16,44,2,28,45,2,4,6,42,55,17,5,53,45,1,23,18,17,23,27,89,84,0
2025-03-16,7,28,55,32,17,46,2,23,47,2,3,6,44,61,18,5,50,44,2,23,19,17,25,27,97,82,0
2025-03-23,8,28,54,32,17,46,2,19,45,1,2,5,43,62,18,5,46,46,1,23,18,16,22,27,86,75,0
2025-03-30,8,27,58,33,17,50,2,15,43,1,2,5,45,68,17,6,45,46,2,21,18,18,22,27,93,78,0
2025-04-06,7,27,52,31,17,45,2,12,46,1,2,4,46,72,18,5,44,46,2,20,17,19,21,26,83,77,0
2025-04-13,7,29,53,30,19,48,3,10,41,1,1,4,44,60,16,5,43,44,2,19,19,18,20,25,86,72,0
2025-04-20,8,30,56,32,18,52,2,9,43,0,1,3,45,64,16,5,41,43,2,20,15,17,25,25,84,77,0
2025-04-27,8,26,61,30,18,50,3,9,43,1,1,4,47,74,17,5,43,43,3,21,19,17,20,28,89,75,0
2025-05-04,8,27,66,31,18,49,3,9,41,0,1,4,46,67,16,5,41,43,2,20,18,16,22,25,83,74,0
2025-05-11,8,26,64,31,18,51,3,14,43,0,1,4,44,68,16,5,43,41,2,19,21,20,26,28,87,75,0
2025-05-18,7,26,61,32,18,50,2,8,45,1,1,5,48,61,17,4,38,43,2,19,17,20,23,25,86,76,0
2025-05-25,8,27,60,28,18,53,3,8,42,0,1,5,47,79,15,5,40,43,2,19,18,21,23,26,82,72,0
2025-06-01,10,28,62,37,19,56,3,9,47,1,1,7,49,73,16,5,49,46,3,23,16,28,23,25,90,76,0
2025-06-08,10,28,60,38,19,58,3,9,44,1,1,7,49,70,16,5,48,46,3,20,15,21,23,27,90,77,0
2025-06-15,9,28,58,44,19,55,3,10,44,1,1,6,49,74,16,6,49,44,2,19,21,22,22,28,88,80,0
2025-06-22,8,33,60,34,20,57,3,10,53,1,1,6,52,75,16,7,53,46,3,20,20,23,21,29,85,85,0
2025-06-29,9,26,58,35,21,56,3,10,86,1,1,5,48,74,17,5,47,45,3,19,21,24,17,26,86,76,0
2025-07-06,11,52,61,41,20,64,4,10,89,1,1,5,52,100,18,13,54,46,3,23,18,29,21,28,94,86,0
2025-07-13,10,39,60,41,21,60,4,12,76,1,1,5,57,82,18,10,54,48,3,22,20,23,21,34,88,89,0
2025-07-20,9,39,61,44,21,62,3,11,100,1,1,6,63,87,17,10,53,50,3,23,18,23,22,38,100,94,0
